{
    "npcs_3": {
        "x": 24.996845425867505,
        "y": -160.69400630914828
    },
    "npcs_1": {
        "x": 156.26813880126184,
        "y": 12.498422712933756
    }
}